{
    "TEST": {
        "num_epochs": 2,
        "batch_size": 4,
        "learning_rate": 0.01,
        "weight_decay": 0.001,
        "patience": 5,
        "train_loss": [
            421787.4936879139,
            180501.52875362168
        ],
        "val_loss": [
            421787.4936879139,
            180501.52875362168
        ]
    }
}