{
    "TEST": {
        "num_epochs": 2,
        "batch_size": 4,
        "learning_rate": 0.01,
        "weight_decay": 0.001,
        "patience": 5,
        "train_loss": [
            432692.23064983444,
            228306.77214403974
        ],
        "val_loss": [
            432692.23064983444,
            228306.77214403974
        ]
    }
}