{
    "train_time": 44.771852254867554,
    "num_epochs": 120,
    "batch_size": 4,
    "learning_rate": 0.0001,
    "weight_decay": 0.9,
    "patience": 5,
    "features": 8,
    "train_loss": [
        0.47001682947545004,
        0.23143527818804918,
        0.1799162381600278,
        0.15206304718352234,
        0.12302121595712379,
        0.10417874756482585,
        0.1024676109276091,
        0.09381144146512573,
        0.0903715806780383,
        0.0908758296573069,
        0.0928790208126884,
        0.10053666968209048,
        0.10059254536948477,
        0.10682362455797072,
        0.10739638083032332,
        0.10961300781733978,
        0.11371559868954743,
        0.12001408764626831
    ],
    "val_loss": [
        0.2578263749417506,
        0.1651438108008159,
        0.11808255814800137,
        0.07678773724719097,
        0.050615814906594,
        0.09727298125232521,
        0.07091039046645164,
        0.06865751331574038,
        0.08867660772643592,
        0.047234535511387024,
        0.0615485125270329,
        0.04695890775244487,
        0.043704477040783354,
        0.08801442806265856,
        0.04705895508002294,
        0.08054004354696524,
        0.11471658023564439,
        0.06701833156770781
    ],
    "num_epoch_convergence": 13
}