{
    "train_time": 16.186461687088013,
    "num_epochs": 120,
    "batch_size": 4,
    "learning_rate": 0.0001,
    "weight_decay": 0.9,
    "patience": 5,
    "features": 8,
    "train_loss": [
        0.3901916344631587,
        0.17741008556836488,
        0.16632810691433236,
        0.15426580808958076,
        0.1420593113570616,
        0.12985080035267682,
        0.1326946071009861,
        0.12126644046989497,
        0.12336252601385511,
        0.11787148799426508
    ],
    "val_loss": [
        0.12621386324365932,
        0.08243777727087338,
        0.06983710726102194,
        0.0669417245934407,
        0.05706288665533066,
        0.05911981128156185,
        0.10073814690113067,
        0.05735800365606944,
        0.06759695000946522,
        0.07429409958422184
    ],
    "num_epoch_convergence": 5
}