{
    "num_epochs": 120,
    "batch_size": 12,
    "learning_rate": 0.01,
    "weight_decay": 0.09,
    "patience": 5,
    "features": 4,
    "train_loss": [
        474510.91125,
        424350.366875,
        335464.071875,
        231404.1215625,
        136689.991328125,
        67268.0078515625,
        26938.135400390624,
        9016.864799804687,
        3043.654729003906,
        1575.0123791503906,
        1193.1709152221679,
        1189.1411965942382,
        1113.3993725585938,
        1162.960684814453,
        1144.2173022460938,
        1117.8908834838867,
        1100.8403228759767,
        1047.3592523193358,
        1075.4388967895509,
        1059.5024522399901,
        1091.6268475341797
    ],
    "val_loss": [
        461285.09375,
        378334.353125,
        272639.93359375,
        183243.39609375,
        100202.8875,
        33744.20693359375,
        14314.339404296876,
        5583.82060546875,
        3338.6277709960937,
        2756.024786376953,
        2329.120721435547,
        3610.7130859375,
        2707.1999389648436,
        1581.6115341186523,
        2956.560089111328,
        1197.881492614746,
        1587.4214141845703,
        1267.7000244140625,
        1568.1223571777343,
        1645.6036804199218,
        1834.9001770019531
    ],
    "num_epoch_convergence": 16
}