{
    "num_epochs": 120,
    "batch_size": 4,
    "learning_rate": 0.001,
    "weight_decay": 0.09,
    "patience": 5,
    "features": 4,
    "train_loss": [
        482154.1116514901,
        475571.8354718543,
        464678.7858029801,
        449988.5840231788,
        432020.55649834435,
        411460.09437086096,
        388939.1410389073,
        364768.9197019868,
        339690.4921357616,
        314019.52700745035,
        288222.38596854307,
        262496.1284147351,
        237122.38498551326,
        212276.58267798013,
        188445.3213990066,
        165461.3657129553,
        143677.09548323674,
        123175.44215645695,
        103990.78996792219,
        86313.34201676324,
        70425.36612686259,
        56187.083466990895,
        43669.99977364446,
        33211.71953254346,
        24371.300166856374,
        17356.840517966164,
        11775.118895675962,
        7904.576306475708,
        5038.0511027961375,
        3332.1820803004384,
        2291.143486502944,
        1706.4203012731691,
        1295.1193669552836,
        1361.9150004607952,
        1235.1609414713273,
        1162.4477638093051,
        1238.6832176360074,
        1138.2147835232565,
        1035.3716309402162,
        957.3926946880013,
        916.347812627325,
        866.7417552771158,
        764.1602671035868
    ],
    "val_loss": [
        483961.9197916667,
        473921.96458333335,
        460893.1578125,
        445904.2682291667,
        425585.8703125,
        401870.47760416666,
        379752.43072916666,
        358089.48854166665,
        330770.1541666667,
        311658.87005208334,
        276095.80442708335,
        251435.80755208334,
        231601.87473958332,
        198342.02447916666,
        184598.36510416667,
        157798.20625,
        135359.462109375,
        112905.9125,
        102780.49361979167,
        78345.89674479167,
        62986.12884114583,
        49155.0951171875,
        42703.4556640625,
        33655.93564453125,
        22725.237467447918,
        18182.803385416668,
        12901.476106770833,
        7086.087003580729,
        4086.098046875,
        1864.0327189127604,
        2287.7895568847657,
        1061.0012944539387,
        1186.5800399780273,
        876.8089452107747,
        1246.1246358235678,
        939.9764110565186,
        927.3716842651368,
        824.0598299662272,
        978.405721282959,
        1007.7081804911296,
        1004.5710411071777,
        906.1996409098307,
        957.2098876953125
    ],
    "num_epoch_convergence": 38
}