{
    "num_epochs": 120,
    "batch_size": 4,
    "learning_rate": 0.005,
    "weight_decay": 0.09,
    "patience": 5,
    "features": 10,
    "train_loss": [
        455484.91007864237,
        318700.99580918875,
        146598.6312862169,
        40432.23700557481,
        7043.078376416339,
        2191.8553929613126,
        1710.037646363113,
        1750.682427816833,
        1569.7622451276968,
        1502.5141177145852,
        1452.2981837695797,
        1214.8065359355599,
        1180.2317876752638,
        1135.2556480256137,
        1146.3623601142933,
        1097.7386083792378,
        1057.9816732343459,
        1038.231179622625,
        1080.1462784823993
    ],
    "val_loss": [
        410292.87447916664,
        225220.98932291666,
        66749.6587890625,
        15495.698372395833,
        5288.931457519531,
        1850.9072591145834,
        1347.87232615153,
        1303.5952026367188,
        1228.730776977539,
        1297.4241923014322,
        1466.7915237426757,
        2119.2380533854166,
        1078.0760740915935,
        1063.8823465983073,
        1500.830726369222,
        1572.7407267252604,
        1120.317000579834,
        1132.7485946655274,
        1368.0042846679687
    ],
    "num_epoch_convergence": 14
}