{
    "num_epochs": 120,
    "batch_size": 4,
    "learning_rate": 0.01,
    "weight_decay": 0.09,
    "patience": 5,
    "features": 16,
    "train_loss": [
        422047.8500620861,
        180577.5267358237,
        26535.730795752923,
        2420.8359601355546,
        1708.2393808428026,
        1636.2108079518703,
        1487.1161249426027,
        1491.7023134547353,
        1380.2223777518368,
        1339.4425043775545,
        1269.9354259667807,
        1237.666149669925,
        1201.4009039670427,
        1151.6216098709613,
        1119.3005796520915,
        1156.1428808250175,
        1058.541800644224,
        1103.434986367131,
        983.207138162575,
        950.9892473536611
    ],
    "val_loss": [
        301165.43307291664,
        74264.12864583333,
        5521.898608398437,
        1923.4582682291666,
        1666.8738006591798,
        2500.973732503255,
        1531.3741078694661,
        1905.013427734375,
        1617.2597737630208,
        3441.0293131510416,
        2717.950618489583,
        1466.3405298868815,
        2047.492724609375,
        2998.9643900553388,
        1161.6879793802898,
        1255.6920567830405,
        1527.3472778320313,
        1184.761378479004,
        1997.0386250813801,
        1221.9043612162272
    ],
    "num_epoch_convergence": 15
}