{
    "num_epochs": 120,
    "batch_size": 4,
    "learning_rate": 0.005,
    "weight_decay": 0.09,
    "patience": 5,
    "features": 4,
    "train_loss": [
        465370.149317053,
        372054.0802980132,
        240894.16194122517,
        122711.6015625,
        46394.52512869929,
        12719.970693828254,
        3374.2888373570727,
        1697.3559604670038,
        1600.6400872034742,
        1576.599021709518,
        1490.5921791531393,
        1366.3884600708816,
        1240.3915667502297,
        1173.0485067809655,
        1171.8942648780267,
        1085.0985747583654,
        1069.5224515397028,
        992.3281054970445
    ],
    "val_loss": [
        431284.43645833334,
        312801.73463541665,
        176926.25755208332,
        73279.93880208333,
        27192.870540364584,
        6551.66357421875,
        2294.2541300455728,
        1323.6441279093424,
        1678.567086791992,
        1439.6234781901042,
        1322.6593378702798,
        1274.1228586832683,
        939.581239827474,
        1098.3287419637045,
        1565.9651316324869,
        1305.4024388631185,
        1091.9018628438314,
        1320.8630879720051
    ],
    "num_epoch_convergence": 13
}