{
    "num_epochs": 120,
    "batch_size": 4,
    "learning_rate": 0.005,
    "weight_decay": 0.09,
    "patience": 5,
    "features": 16,
    "train_loss": [
        467922.2659354305,
        392651.4420529801,
        284832.45726407284,
        175688.944303601,
        88264.06856632864,
        34760.78501720302,
        10753.50071746624,
        3333.6864035903222,
        1766.5212515521523,
        1506.0528343655417,
        1557.6625283853898,
        1494.0640186284552,
        1502.90893140376,
        1400.981331124211,
        1362.8063760719551,
        1442.801958096738,
        1223.5579310537173,
        1171.1426938290629,
        1090.559750942205,
        1024.0745426961128,
        1018.8026925396446,
        1022.4413252824189,
        1018.1166084239024,
        1013.2528166107784,
        1002.74561105185,
        935.9108037380194,
        979.6719675127244,
        959.2884683166908
    ],
    "val_loss": [
        444897.6515625,
        352146.7296875,
        235143.66614583333,
        135110.46809895834,
        56692.7056640625,
        16663.07421875,
        3871.597977701823,
        3004.625946044922,
        2050.379494222005,
        1564.3394500732422,
        1293.462655131022,
        2657.753448486328,
        1223.9787190755208,
        1405.1156565348308,
        1520.5847409566243,
        1030.8808492024739,
        1441.2849538167318,
        1419.3164286295573,
        1262.995467122396,
        1129.1156590779622,
        1018.6171531677246,
        1278.042896525065,
        907.1132034301758,
        1141.990774536133,
        1004.008223470052,
        1155.1093495686848,
        1102.4910756429038,
        1064.3958348592123
    ],
    "num_epoch_convergence": 23
}