{
    "num_epochs": 120,
    "batch_size": 4,
    "learning_rate": 0.001,
    "weight_decay": 0.09,
    "patience": 5,
    "features": 16,
    "train_loss": [
        482002.44939983444,
        473676.50703642383,
        459919.43884519866,
        441222.3480960265,
        418340.7448261589,
        392238.83226407284,
        363768.5491514901,
        333541.1957781457,
        302425.9839093543,
        270860.0130898179,
        239759.96176531457,
        209286.05101407284,
        179936.26769453642,
        152257.57897868377,
        126425.60955608444,
        102952.28533733444,
        81889.11066846027,
        63459.69939983444,
        47714.23703952815,
        34704.25864678187,
        24283.51957005381,
        16270.790925082782,
        10597.825462897092,
        6528.076659145734,
        4090.603904471492,
        2534.110388749483,
        1787.5182207625433,
        1488.2061988375833,
        1269.6951582447582,
        1323.770640922698,
        1219.9657386628207,
        1101.7622899945998,
        904.6583450519486,
        901.2585532586306,
        863.4435827495247,
        899.8595965555961,
        806.9279265245855,
        799.6048650173162,
        768.0766190787814,
        726.7532813470095,
        691.6500756724781,
        720.0434095370059
    ],
    "val_loss": [
        482904.08489583334,
        471467.8463541667,
        456450.31979166664,
        436006.5651041667,
        407544.86354166665,
        383035.0572916667,
        344528.2520833333,
        319259.315625,
        279852.4471354167,
        259803.80338541666,
        229509.43098958334,
        197519.31979166667,
        169844.20130208333,
        139608.43346354167,
        118343.81653645834,
        97687.30533854167,
        74190.10397135417,
        57480.36640625,
        40391.10065104167,
        28700.08115234375,
        21997.499055989585,
        12370.438736979168,
        8223.193872070313,
        4892.099914550781,
        2512.2187561035157,
        1774.5862325032551,
        1238.4386220296224,
        1169.364655049642,
        1227.2139099121093,
        1059.093280029297,
        1117.463390604655,
        979.253788503011,
        870.5279741923015,
        1064.5661188761394,
        1142.2917622884115,
        1558.1944305419922,
        860.1743005116781,
        926.3122657775879,
        887.1954561869303,
        892.6902486165365,
        933.8207644144694,
        989.4290091196696
    ],
    "num_epoch_convergence": 37
}