{
    "num_epochs": 120,
    "batch_size": 8,
    "learning_rate": 0.005,
    "weight_decay": 0.09,
    "patience": 5,
    "features": 4,
    "train_loss": [
        477453.67798013246,
        445689.2369619205,
        388666.4714403974,
        316068.9673013245,
        239055.68956953642,
        167359.1767384106,
        107128.53890728476,
        61996.56123240894,
        32021.032646937085,
        14805.671027783526,
        6362.002672612272,
        2818.983105387909,
        1592.6426068236497,
        1250.2876665734298,
        1197.8022182035131,
        1161.1908433926817,
        1092.7708684656004,
        1132.8455436656018,
        1057.9989673538714,
        1133.1705386938638
    ],
    "val_loss": [
        471016.75104166666,
        428298.3375,
        352692.51458333334,
        291572.9479166667,
        227558.60572916668,
        140453.24192708332,
        76585.533984375,
        49179.15481770833,
        25275.514388020834,
        10391.62001953125,
        10775.443587239582,
        2879.0804361979167,
        2011.4182657877604,
        1100.6213236490885,
        1080.8507598876954,
        1831.9131266276042,
        1409.5800008138021,
        1289.6438181559245,
        1271.4267171223958,
        1496.034287516276
    ],
    "num_epoch_convergence": 15
}