{
    "num_epochs": 120,
    "batch_size": 8,
    "learning_rate": 0.01,
    "weight_decay": 0.09,
    "patience": 5,
    "features": 10,
    "train_loss": [
        464502.1117549669,
        358220.6119619205,
        204537.2456539735,
        81268.47620033112,
        20910.874222307015,
        4130.348862805903,
        1634.7257583315009,
        1400.6077178550872,
        1369.8578036478814,
        1184.8401549888763,
        1213.035082078138,
        1219.4644953241411,
        1226.5349786013167,
        1161.9838311403792,
        1066.286605329703,
        1162.9537448504113,
        1166.2864212137185,
        1170.052330673925
    ],
    "val_loss": [
        428639.103125,
        281888.60625,
        132826.03984375,
        39119.467578125,
        6607.218815104166,
        1922.2034830729167,
        3071.2411295572915,
        1931.6223958333333,
        1348.3684682210287,
        1404.1175954182943,
        1658.3361490885416,
        1286.086654663086,
        1236.2992746988932,
        1434.115442911784,
        1293.0037017822265,
        1851.0549214680989,
        2092.4515991210938,
        1263.8449432373047
    ],
    "num_epoch_convergence": 13
}