{
    "num_epochs": 120,
    "batch_size": 8,
    "learning_rate": 0.001,
    "weight_decay": 0.09,
    "patience": 5,
    "features": 10,
    "train_loss": [
        483698.00310430466,
        480943.49834437086,
        477255.63348509936,
        472144.5707781457,
        466094.44908940396,
        458632.3613410596,
        450265.6775662252,
        440837.04842715233,
        430558.0674668874,
        419430.48613410594,
        407771.5542218543,
        395405.3965231788,
        382466.70384933776,
        369041.73075331125,
        355446.38886589406,
        341446.6879139073,
        327137.88348509936,
        312772.7353062914,
        298283.0231788079,
        283815.88203642383,
        269368.6361754967,
        254924.04904801326,
        240600.721647351,
        226579.502897351,
        212678.17694536425,
        198984.02028145696,
        185691.58391970198,
        172698.06446605962,
        160006.83785182118,
        147699.85725372517,
        135880.7749379139,
        124515.79428807947,
        113537.14005587748,
        103101.06425910596,
        93235.20923013244,
        83784.63635658112,
        74951.30564466059,
        66562.82328745861,
        58726.618765521525,
        51417.798168460264,
        44848.105934395695,
        38692.84371119619,
        33077.56164631622,
        28020.73300393212,
        23518.341169546773,
        19561.492808360927,
        16013.651574141142,
        13009.654956539734,
        10388.74517215956,
        8257.45200292322,
        6543.843837308568,
        5031.517576508175,
        3829.9454357829313,
        2964.682056553316,
        2255.427092697447,
        1705.8739961535725,
        1367.4462561196838,
        1145.5657688166132,
        975.2960787135244,
        834.6795124786579,
        819.4312132778547,
        812.9265797596104,
        776.0616742064622,
        712.896584769748,
        707.0910727898806,
        640.6861413614639,
        649.456477992582,
        678.1805456300445,
        631.295161165149
    ],
    "val_loss": [
        485291.9864583333,
        481178.28958333336,
        477666.82708333334,
        473582.44895833335,
        467269.82708333334,
        458131.94583333336,
        450493.78020833334,
        441134.38645833335,
        429002.1895833333,
        418487.59375,
        403164.959375,
        393463.34479166666,
        381809.709375,
        368423.378125,
        349744.92083333334,
        334799.95729166665,
        326175.6697916667,
        308637.50833333336,
        292567.91770833335,
        281024.47552083334,
        263516.125,
        249247.23489583333,
        234301.53645833334,
        221529.64114583333,
        206453.80260416667,
        193799.00052083333,
        177345.26875,
        172732.14010416667,
        156880.21145833333,
        146958.63828125,
        128662.08958333333,
        124493.84036458333,
        111765.40182291667,
        101895.43411458333,
        93433.88619791667,
        80473.19270833333,
        71667.184375,
        64825.462239583336,
        59273.329817708334,
        50437.950390625,
        44200.244401041666,
        37533.30559895833,
        31493.606705729166,
        26345.250130208333,
        21383.393424479167,
        20472.386002604166,
        15690.927799479166,
        14239.020442708334,
        10091.45810546875,
        7426.426725260417,
        6383.586246744791,
        5826.547184244791,
        5162.659602864584,
        3088.1672932942706,
        2003.2745442708333,
        2144.2205729166667,
        1739.0205342610677,
        1405.7229512532551,
        1497.7842163085938,
        1208.522998046875,
        1233.0937418619792,
        1082.9656077067057,
        1074.997769165039,
        957.1369400024414,
        1310.1817779541016,
        996.3190673828125,
        1014.206455485026,
        1030.1842966715494,
        1198.81648050944
    ],
    "num_epoch_convergence": 64
}