{
    "num_epochs": 120,
    "batch_size": 8,
    "learning_rate": 0.01,
    "weight_decay": 0.09,
    "patience": 5,
    "features": 4,
    "train_loss": [
        459054.4476407285,
        325162.45240066224,
        146462.64854097684,
        37002.54282646937,
        5665.248791423065,
        1585.3412376555386,
        1312.0148895465775,
        1198.915017235358,
        1217.8752285786811,
        1163.3776018761641,
        1191.1696521683245,
        1129.486995065449,
        1082.5260523107668,
        1103.5326234931188,
        1118.9890447957625,
        1283.1868393247491,
        1147.6901392652499
    ],
    "val_loss": [
        420639.434375,
        237390.0578125,
        64766.556640625,
        20516.807552083334,
        1804.9272725423177,
        1445.762865193685,
        1344.3091105143228,
        1372.1220255533854,
        1290.2061381022136,
        1148.2072326660157,
        1584.8249104817708,
        1113.6731501261393,
        1643.5829711914062,
        1513.5221822102865,
        1789.2915893554687,
        2070.0421040852866,
        1338.1493977864584
    ],
    "num_epoch_convergence": 12
}