{
    "num_epochs": 120,
    "batch_size": 8,
    "learning_rate": 0.01,
    "weight_decay": 0.09,
    "patience": 5,
    "features": 16,
    "train_loss": [
        467453.1405215232,
        376478.4594370861,
        241718.69908940396,
        118963.84108547185,
        41719.63599441225,
        10432.318000439776,
        2672.419470780733,
        1477.0968910874121,
        1364.7990985390365,
        1321.6371769178782,
        1133.5367686290615,
        1171.4438678665667,
        1150.160436769195,
        1151.8664062702103,
        1137.710368983793,
        1114.8529428646264,
        1117.841309806369
    ],
    "val_loss": [
        438597.7322916667,
        303070.009375,
        174675.96197916666,
        60966.83736979167,
        22635.7486328125,
        7967.452701822916,
        1910.61376953125,
        1804.366162109375,
        1307.559536743164,
        1923.8984944661458,
        1892.7381184895833,
        1135.8608266194663,
        1554.978165690104,
        1141.5727681477865,
        1182.3178446451823,
        1192.163050333659,
        1472.657489013672
    ],
    "num_epoch_convergence": 12
}