{
    "num_epochs": 120,
    "batch_size": 8,
    "learning_rate": 0.001,
    "weight_decay": 0.09,
    "patience": 5,
    "features": 16,
    "train_loss": [
        483122.7373758278,
        480526.3412665563,
        476595.88948675495,
        471689.55546357617,
        465553.1216887417,
        458248.3987996689,
        449773.0159354305,
        440199.69370860927,
        430155.03745860927,
        419114.9666804636,
        407391.9869619205,
        395039.4528145695,
        381997.3979718543,
        368811.4712334437,
        355089.8545115894,
        341186.54076986754,
        326912.3168460265,
        312569.0556705298,
        298141.24689569534,
        283583.8046357616,
        269153.93687913904,
        254680.09416390728,
        240438.4151490066,
        226347.87448261588,
        212477.6030629139,
        198816.60130380795,
        185447.90614652316,
        172508.1181705298,
        159757.0356477649,
        147551.2803187086,
        135730.8633588576,
        124392.37758692053,
        113335.05634312914,
        102988.30944743377,
        93025.5546875,
        83688.65656043046,
        74795.39817880794,
        66413.42712644867,
        58658.11752379967,
        51381.2597526904,
        44787.317803187085,
        38627.265068812085,
        32988.479873758275,
        28007.514577297185,
        23497.471395126242,
        19531.813987479305,
        15977.398469836508,
        13084.501141478684,
        10440.871640236963,
        8249.50725146161,
        6472.358666830505,
        5112.741775209541,
        3825.3057687519404,
        2963.624195629398,
        2324.1129649585446,
        1844.504818543693,
        1496.7452232916623,
        1141.415371219054,
        1038.62344643296,
        854.589476932753,
        886.152893369561,
        798.5398332204251,
        709.817068339973,
        751.1089378508511,
        662.6398755004075,
        749.6425469000608,
        689.5693460426584,
        629.0277657414114
    ],
    "val_loss": [
        486367.1427083333,
        482878.684375,
        478799.40208333335,
        471739.3875,
        465908.14479166665,
        458112.040625,
        449525.8302083333,
        437774.7052083333,
        427809.6385416667,
        414859.93125,
        404705.55,
        393500.5208333333,
        378051.44375,
        363014.2395833333,
        351323.17291666666,
        338201.55416666664,
        323450.9510416667,
        306319.4125,
        295745.29322916665,
        279452.2557291667,
        265807.13645833335,
        252289.68802083333,
        232538.20520833333,
        226393.44479166667,
        211571.2078125,
        195621.53854166667,
        182456.36822916666,
        170284.9484375,
        155455.49036458333,
        143370.65755208334,
        132013.09661458334,
        119497.27161458334,
        110274.68541666666,
        100356.40286458333,
        86722.36458333333,
        83012.1890625,
        74560.12890625,
        64088.869921875,
        55744.923567708334,
        49143.406640625,
        45484.47317708333,
        36601.118489583336,
        33502.68802083333,
        26084.994010416667,
        22589.588020833333,
        18604.0666015625,
        16435.470084635417,
        13868.454817708332,
        8832.145345052084,
        9795.524381510417,
        5997.07119140625,
        5746.647786458333,
        3287.472200520833,
        3077.444091796875,
        2603.8342895507812,
        1787.1467041015626,
        1513.5184122721355,
        1728.4018147786458,
        1238.0297047932943,
        1157.7703267415366,
        1173.5449127197267,
        968.4607147216797,
        792.7937047322591,
        922.7640055338542,
        955.1269744873047,
        859.570768737793,
        927.8826487223307,
        1152.957573445638
    ],
    "num_epoch_convergence": 63
}