{
    "train_time": 45.548651695251465,
    "num_epochs": 120,
    "batch_size": 4,
    "learning_rate": 0.0001,
    "weight_decay": 0.9,
    "patience": 5,
    "features": 8,
    "train_loss": [
        0.6692606864978146,
        0.30418044037574177,
        0.24007599892107068,
        0.20202747942102667,
        0.18521348821208966,
        0.1684411930549421,
        0.13230872666154872,
        0.15341058361115834,
        0.13500822181289165,
        0.1274741989936655,
        0.13892230112722379,
        0.13217149630484992,
        0.13594600407789084,
        0.1432421478313326,
        0.16215545375714238,
        0.1296675887008179,
        0.1437656275730654,
        0.13769737946251961,
        0.14182808859557505
    ],
    "val_loss": [
        0.24133102223277092,
        0.21103283514579138,
        0.1381368836387992,
        0.14414974736670652,
        0.07494881562888622,
        0.09965567129353682,
        0.07325627698252599,
        0.05689505394548178,
        0.05675467985371749,
        0.0716251847644647,
        0.05516279662648837,
        0.03704422929634651,
        0.06764173532525698,
        0.013858717648933332,
        0.03914674402525028,
        0.06506250202655792,
        0.0832016795873642,
        0.0752126765747865,
        0.029010090976953506
    ],
    "num_epoch_convergence": 14
}