{
    "num_epochs": 120,
    "batch_size": 12,
    "learning_rate": 0.001,
    "weight_decay": 0.09,
    "patience": 5,
    "features": 4,
    "train_loss": [
        483754.6815625,
        482073.676875,
        480183.286875,
        477162.3515625,
        473923.0140625,
        470103.2875,
        465525.3859375,
        460243.8365625,
        454729.2675,
        448467.6203125,
        441954.65375,
        434753.55125,
        427101.4434375,
        419342.306875,
        411191.118125,
        402294.4146875,
        393382.2253125,
        384092.2746875,
        374652.599375,
        365058.4440625,
        355274.23,
        345065.1,
        335041.2615625,
        324787.99,
        314299.3075,
        303905.4590625,
        293607.8284375,
        283278.47265625,
        272841.56609375,
        262321.03421875,
        252072.55453125,
        241676.00796875,
        231252.78640625,
        221210.93,
        211334.128125,
        201243.35828125,
        191602.99421875,
        181997.611875,
        172557.09625,
        163371.73984375,
        154368.4059375,
        145310.586328125,
        136853.4978125,
        128370.661640625,
        120312.78,
        112368.44484375,
        104750.063828125,
        97502.871328125,
        90397.089375,
        83552.97859375,
        76946.6865625,
        70813.23078125,
        64818.8559765625,
        59217.853984375,
        53923.3188671875,
        48899.70046875,
        44155.08359375,
        39676.21310546875,
        35636.555859375,
        31699.6958203125,
        28181.31982421875,
        24861.34029296875,
        21805.0092578125,
        18973.753623046876,
        16536.820205078126,
        14255.348334960938,
        12292.700141601563,
        10464.505131835938,
        8822.9946875,
        7484.163273925781,
        6312.435832519532,
        5191.871528320313,
        4298.228328857422,
        3608.256345214844,
        2963.7405017089845,
        2411.0774694824217,
        2024.0460916137695,
        1617.2811737060547,
        1378.3606796264648,
        1234.8963998413085,
        1038.033322906494,
        857.493151550293,
        848.3890972900391,
        710.2779092407227,
        704.2662303161621,
        625.0131735229493,
        568.8796467590332,
        570.9335720825195
    ],
    "val_loss": [
        487516.753125,
        485434.209375,
        482299.6625,
        480102.040625,
        476697.490625,
        472529.4546875,
        466995.109375,
        461368.353125,
        456052.621875,
        450091.2640625,
        441164.109375,
        447552.840625,
        425967.18125,
        418942.771875,
        410221.253125,
        403317.409375,
        393530.790625,
        383886.440625,
        375357.7515625,
        363974.4015625,
        351944.578125,
        343209.71875,
        334404.1171875,
        320729.9171875,
        313587.9328125,
        302698.65,
        292502.1859375,
        279912.95625,
        269135.2328125,
        258546.61484375,
        253633.2609375,
        241428.0296875,
        232099.571875,
        215856.909375,
        207801.06953125,
        201975.165625,
        186711.92734375,
        179345.43515625,
        168988.2015625,
        158593.02421875,
        151770.3265625,
        135282.903515625,
        135053.89453125,
        127572.544140625,
        119827.521484375,
        112731.08203125,
        104650.025,
        95124.397265625,
        91167.784765625,
        82141.74609375,
        76640.8796875,
        71473.3484375,
        62064.1181640625,
        58830.9181640625,
        52960.560546875,
        45534.7544921875,
        44897.4123046875,
        38205.390625,
        33392.47333984375,
        31543.02529296875,
        30149.0994140625,
        25792.5224609375,
        20956.15625,
        20941.028125,
        15184.3787109375,
        14197.337109375,
        14938.9318359375,
        12171.122607421876,
        8772.648168945312,
        7275.4966796875,
        5798.459716796875,
        5175.816357421875,
        3492.385498046875,
        3158.69990234375,
        3201.1727783203123,
        2937.225964355469,
        2323.0179443359375,
        2106.95283203125,
        1907.1235290527343,
        1397.4614837646484,
        1371.5969787597655,
        1212.5073699951172,
        872.898518371582,
        1498.180682373047,
        973.098484802246,
        895.1422409057617,
        970.7818946838379,
        965.8732849121094
    ],
    "num_epoch_convergence": 83
}