{
    "num_epochs": 120,
    "batch_size": 12,
    "learning_rate": 0.005,
    "weight_decay": 0.09,
    "patience": 5,
    "features": 10,
    "train_loss": [
        481450.0415625,
        467042.3375,
        439341.2625,
        401323.96875,
        355469.2759375,
        305278.5275,
        253521.331875,
        203927.3884375,
        158012.965078125,
        117834.199375,
        83981.4308203125,
        57103.3201171875,
        36792.6335546875,
        22572.095888671876,
        13271.362890625,
        7490.067482910156,
        4234.587080078125,
        2489.100933837891,
        1652.1319805908204,
        1269.251198425293,
        1072.1307095336915,
        1016.6505139160156,
        1112.201039123535,
        942.1990197753906,
        907.2004797363281,
        958.5081283569336,
        988.3503662109375
    ],
    "val_loss": [
        481032.0375,
        456858.5875,
        431790.79375,
        387165.0640625,
        314871.2375,
        279847.4578125,
        234677.11796875,
        200429.50546875,
        138629.252734375,
        102128.482421875,
        73037.64453125,
        44414.1720703125,
        26962.158984375,
        19703.43828125,
        8675.410375976562,
        5915.068579101562,
        2990.423937988281,
        2155.3923217773436,
        1402.6039978027343,
        1070.2348098754883,
        1792.6896484375,
        881.0362777709961,
        1154.8911895751953,
        1055.0273406982421,
        945.260157775879,
        1605.054391479492,
        1444.6514892578125
    ],
    "num_epoch_convergence": 22
}