{
    "num_epochs": 120,
    "batch_size": 12,
    "learning_rate": 0.001,
    "weight_decay": 0.09,
    "patience": 5,
    "features": 16,
    "train_loss": [
        484328.799375,
        482958.8521875,
        481030.6146875,
        478765.7471875,
        476495.5009375,
        472982.5959375,
        469454.5340625,
        465333.29125,
        461008.4546875,
        455949.108125,
        450920.6690625,
        445153.139375,
        439068.69625,
        432939.269375,
        426303.21875,
        419421.140625,
        412271.33375,
        404841.694375,
        397613.1025,
        389558.113125,
        382049.03375,
        374212.3053125,
        365925.1190625,
        357622.824375,
        349129.306875,
        340865.0521875,
        331954.5309375,
        323840.4278125,
        315364.8853125,
        306704.8484375,
        297866.9365625,
        289552.376875,
        281164.30140625,
        272527.53921875,
        263767.94546875,
        255394.9371875,
        246872.11890625,
        238499.1434375,
        230254.03890625,
        222082.14171875,
        214085.16703125,
        205807.8059375,
        197871.290625,
        189963.38390625,
        182207.69359375,
        174675.70859375,
        167084.64953125,
        159688.62421875,
        152447.618125,
        145263.971015625,
        138041.208125,
        131459.5096875,
        124523.697890625,
        118129.872890625,
        111665.622578125,
        105575.02828125,
        99378.056328125,
        93422.08953125,
        87755.434609375,
        82278.288671875,
        76916.6678515625,
        71718.8914453125,
        66642.0312109375,
        61670.12984375,
        57261.176953125,
        52946.48671875,
        48628.537890625,
        44684.6530859375,
        40752.02533203125,
        37304.5905078125,
        33891.71166015625,
        30619.84181640625,
        27707.711328125,
        24794.43603515625,
        22187.2156640625,
        19857.229130859374,
        17510.419697265625,
        15474.41330078125,
        13553.23482421875,
        11865.933100585937,
        10305.450786132813,
        8888.652104492188,
        7663.644680175781,
        6586.5015795898435,
        5492.842346191406,
        4720.823299560547,
        3990.0202062988283,
        3290.9561193847658,
        2800.61201171875,
        2400.7528485107423,
        1988.4194201660157,
        1644.3976809692383,
        1402.933157043457,
        1246.273963317871,
        1010.5595388793945,
        1006.013334350586,
        837.0027214050293,
        767.2653468322754,
        706.5719441223144,
        643.9308233642578,
        585.7046601867676,
        594.8858493041993,
        610.2159938049316,
        545.0100898742676,
        529.8760163879394,
        506.59999572753907,
        526.5736242675781,
        586.7635939025879
    ],
    "val_loss": [
        487408.4859375,
        485932.0703125,
        484384.6765625,
        480936.5796875,
        479168.0078125,
        475533.146875,
        471717.5234375,
        467906.7953125,
        462333.7109375,
        455535.2734375,
        450636.859375,
        445109.4765625,
        438975.190625,
        433124.7546875,
        425673.1640625,
        416645.365625,
        409979.771875,
        404654.753125,
        397868.984375,
        390026.2953125,
        382504.1578125,
        371359.2875,
        370881.4015625,
        355550.6828125,
        348546.234375,
        338043.74375,
        333497.38125,
        319469.3328125,
        314452.15,
        306768.8703125,
        297794.00859375,
        288869.37890625,
        280518.1421875,
        273504.98671875,
        263024.7109375,
        255377.9609375,
        246654.3265625,
        238786.5109375,
        230232.959375,
        219387.92578125,
        214588.175,
        206880.9625,
        197423.16953125,
        187558.5859375,
        183425.7671875,
        176669.54921875,
        166451.6578125,
        158030.6578125,
        152500.38046875,
        142495.97890625,
        135379.203515625,
        130408.384375,
        124084.256640625,
        115779.30390625,
        112731.430078125,
        103750.53671875,
        99960.023046875,
        91691.330859375,
        87253.120703125,
        80619.544921875,
        76235.51328125,
        74047.238671875,
        69974.73046875,
        61069.4267578125,
        59262.748828125,
        51298.13671875,
        48800.3916015625,
        48284.5271484375,
        37566.6900390625,
        38129.3771484375,
        32511.47734375,
        31710.192578125,
        26382.73486328125,
        26258.7189453125,
        23598.5095703125,
        21200.83056640625,
        16068.179248046876,
        17441.67998046875,
        14967.384521484375,
        10976.40341796875,
        10477.005224609375,
        9260.175634765625,
        7929.37763671875,
        8801.93828125,
        7244.816796875,
        4721.318542480469,
        4185.664343261718,
        4609.408215332031,
        4710.89365234375,
        3734.817736816406,
        2270.1280822753906,
        2062.5104125976563,
        1935.7309814453124,
        1429.8566314697266,
        1330.7908966064454,
        1588.5448425292968,
        1847.4390747070313,
        1088.778158569336,
        1564.6609130859374,
        1102.3183486938476,
        1038.8134307861328,
        918.6626571655273,
        835.7438873291015,
        913.2468399047851,
        1119.375454711914,
        867.4585617065429,
        975.4592407226562,
        1313.904034423828
    ],
    "num_epoch_convergence": 103
}