{
    "num_epochs": 120,
    "batch_size": 12,
    "learning_rate": 0.001,
    "weight_decay": 0.09,
    "patience": 5,
    "features": 10,
    "train_loss": [
        483891.774375,
        482916.9,
        481506.1315625,
        479369.9040625,
        477016.3190625,
        474205.938125,
        471385.663125,
        467904.23375,
        463828.788125,
        459516.9646875,
        455271.0728125,
        450475.678125,
        445004.930625,
        439812.554375,
        434285.354375,
        428386.225625,
        422359.0215625,
        416228.616875,
        409660.251875,
        403307.3909375,
        396439.198125,
        389829.9925,
        382832.549375,
        375969.55,
        368769.1859375,
        361935.8628125,
        354510.2059375,
        347367.6115625,
        339966.92625,
        332494.2625,
        325386.4078125,
        318000.3353125,
        310619.203125,
        303107.4878125,
        295713.7475,
        288334.993125,
        280959.6646875,
        273841.82640625,
        266416.881875,
        258935.2734375,
        251971.91015625,
        244452.02453125,
        237426.07546875,
        230268.90046875,
        223141.54984375,
        216212.5203125,
        209002.0353125,
        202077.7559375,
        195134.5246875,
        188465.1121875,
        181623.076875,
        174962.80671875,
        168267.63734375,
        161807.69390625,
        155332.58015625,
        148900.503125,
        142573.58296875,
        136410.71359375,
        130369.802421875,
        124555.49640625,
        118607.323515625,
        112711.718359375,
        107179.769140625,
        101725.670859375,
        96449.34,
        91268.72546875,
        86209.4728125,
        81207.1453125,
        76513.7223046875,
        71864.0734765625,
        67233.7953125,
        62947.3057421875,
        58813.069453125,
        54737.5506640625,
        50837.57578125,
        47147.343359375,
        43525.514296875,
        40149.11384765625,
        36863.209296875,
        33941.46642578125,
        30900.2429296875,
        28063.54982421875,
        25526.341640625,
        23090.40044921875,
        20898.467451171877,
        18658.39333984375,
        16777.224462890626,
        14806.625712890625,
        13171.051284179688,
        11667.40701171875,
        10248.839580078125,
        8898.00373046875,
        7808.375908203125,
        6715.890318603516,
        5712.481508789063,
        4946.941616210937,
        4263.463642578125,
        3568.0109509277345,
        3073.093795776367,
        2546.001118774414,
        2172.029860839844,
        1789.3957843017579,
        1535.1327722167969,
        1242.1789016723633,
        1082.9653005981445,
        991.2177171325684,
        867.9190156555176,
        711.8360700988769,
        679.1919483947754,
        595.3183937072754,
        569.8618229675293,
        550.4107894897461,
        550.2461047363281,
        482.8052226257324,
        523.4089799499511,
        479.6427186584473,
        454.9954997253418,
        448.33510612487794,
        494.2474122619629,
        448.1334281921387
    ],
    "val_loss": [
        487493.365625,
        485322.8609375,
        485035.209375,
        482625.5828125,
        479556.7171875,
        476749.46875,
        472254.68125,
        470136.4828125,
        467328.971875,
        462065.428125,
        455782.6921875,
        450244.084375,
        444944.365625,
        439802.29375,
        434395.0984375,
        429844.0046875,
        425623.3140625,
        417612.7,
        408278.725,
        402891.1640625,
        396404.896875,
        393024.440625,
        383410.3421875,
        373646.1453125,
        368634.4859375,
        362271.8671875,
        351129.95625,
        352184.865625,
        336014.7515625,
        332092.4609375,
        326682.2875,
        318676.45,
        311950.5203125,
        304464.1015625,
        292622.9078125,
        285612.56171875,
        280356.2078125,
        272512.8359375,
        264606.87734375,
        259245.3125,
        253201.7359375,
        247408.8625,
        237854.5875,
        232797.21640625,
        221857.89765625,
        220131.02578125,
        206779.15078125,
        203431.93984375,
        197322.34609375,
        182823.13359375,
        177970.5234375,
        175505.415625,
        170781.959375,
        166724.459375,
        156084.77421875,
        144347.88359375,
        143679.973828125,
        134334.58125,
        129924.92109375,
        122259.059375,
        116701.711328125,
        115400.1703125,
        111794.12578125,
        102937.821484375,
        96759.46640625,
        93622.975390625,
        83389.712109375,
        79689.701171875,
        77411.8609375,
        70518.0197265625,
        66705.587890625,
        61555.524609375,
        57831.050390625,
        55728.1615234375,
        50473.5056640625,
        47976.325390625,
        41649.9798828125,
        45242.3779296875,
        39047.1611328125,
        34263.50107421875,
        31444.4529296875,
        27485.40849609375,
        27552.42060546875,
        26585.67001953125,
        22963.4857421875,
        16220.5158203125,
        15325.294140625,
        15460.650146484375,
        15078.4169921875,
        14962.233544921875,
        11711.23056640625,
        9452.494384765625,
        7901.405737304687,
        6500.791650390625,
        7179.895581054688,
        5376.587353515625,
        4951.619799804687,
        4255.418029785156,
        3438.3812622070313,
        2795.3894653320312,
        3141.6137573242186,
        3445.9789306640623,
        2636.500622558594,
        1931.5484985351563,
        1778.0644958496093,
        1278.284750366211,
        1294.032940673828,
        1273.6776184082032,
        1354.0586029052733,
        1285.275863647461,
        1020.3024810791015,
        1057.9295349121094,
        949.8985717773437,
        1007.5374816894531,
        1205.5167266845704,
        1052.171450805664,
        1132.8802795410156,
        880.4967834472657,
        894.0432708740234,
        861.184474182129
    ],
    "num_epoch_convergence": 120
}