{
    "num_epochs": 120,
    "batch_size": 12,
    "learning_rate": 0.01,
    "weight_decay": 0.09,
    "patience": 5,
    "features": 10,
    "train_loss": [
        475354.3715625,
        426013.12,
        336088.57875,
        230811.7103125,
        136231.138203125,
        66584.563046875,
        26413.60681640625,
        8782.096813964843,
        2874.4946081542967,
        1436.575818786621,
        1219.5000793457032,
        1028.1412969970704,
        1093.2840014648436,
        1014.441318359375,
        1060.4378610229492,
        982.3910482788086,
        964.7865438842773,
        918.4484197998047
    ],
    "val_loss": [
        464107.415625,
        390531.521875,
        289087.1578125,
        192916.54140625,
        106103.10703125,
        37242.3724609375,
        16092.837646484375,
        6948.613598632813,
        3953.413708496094,
        1040.6097747802735,
        1597.3845001220702,
        1198.4162017822266,
        963.8616409301758,
        1597.048828125,
        1285.7277862548829,
        1438.4641693115234,
        1040.2128616333007,
        1936.3203521728515
    ],
    "num_epoch_convergence": 13
}