{
    "num_epochs": 120,
    "batch_size": 12,
    "learning_rate": 0.005,
    "weight_decay": 0.09,
    "patience": 5,
    "features": 4,
    "train_loss": [
        481263.5803125,
        468377.1290625,
        445323.4040625,
        412955.390625,
        374206.7325,
        331342.1696875,
        286619.69453125,
        242312.21671875,
        199174.95,
        159152.210546875,
        123139.01,
        91824.03265625,
        66079.324609375,
        45778.07873046875,
        30218.4751171875,
        19202.03861328125,
        11759.887631835938,
        7086.30818359375,
        4244.3622772216795,
        2559.0407592773436,
        1656.1288464355468,
        1277.0972570800782,
        1090.8597775268554,
        920.7479992675782,
        936.8177795410156,
        907.4693786621094,
        933.0253182983398,
        918.9745211791992,
        945.5548226928711,
        866.9210952758789
    ],
    "val_loss": [
        478783.7390625,
        463009.11875,
        440053.2328125,
        393283.0875,
        338740.8484375,
        308121.5953125,
        267577.38203125,
        218130.009375,
        183177.00703125,
        147617.79375,
        107532.99453125,
        85259.195703125,
        56037.1732421875,
        33950.77724609375,
        23526.5458984375,
        15446.288330078125,
        8670.401782226563,
        4368.688720703125,
        3792.6708984375,
        2881.5573608398436,
        2127.2553283691404,
        4112.92060546875,
        1138.3773818969726,
        1024.5493743896484,
        902.0064422607422,
        1180.076190185547,
        955.3126602172852,
        1436.643669128418,
        1174.2937408447265,
        1218.6361419677735
    ],
    "num_epoch_convergence": 25
}