{
    "num_epochs": 120,
    "batch_size": 12,
    "learning_rate": 0.01,
    "weight_decay": 0.09,
    "patience": 5,
    "features": 16,
    "train_loss": [
        477709.85375,
        442301.298125,
        380854.875625,
        306669.1271875,
        228839.1915625,
        155170.66109375,
        94669.79484375,
        51255.7594921875,
        24578.42728515625,
        10490.5888671875,
        4544.801259765625,
        2094.8487326049803,
        1410.3030047607422,
        1125.882290649414,
        1091.3698291015626,
        1106.4842639160156,
        1082.0510815429689,
        1085.3287689208985,
        944.732029724121,
        1079.2944158935547,
        1000.2725553894043,
        938.9822174072266,
        981.9180676269531
    ],
    "val_loss": [
        468218.84375,
        411455.45,
        349528.2046875,
        269887.9171875,
        189114.36796875,
        100543.449609375,
        74577.814453125,
        34950.32724609375,
        19465.065625,
        6761.203173828125,
        6206.4754638671875,
        1888.5980590820313,
        3213.3907836914063,
        2957.9452880859376,
        1804.131803894043,
        2276.2196044921875,
        1432.2638366699218,
        1071.6632034301758,
        1616.9331115722657,
        1852.39296875,
        3331.0857543945312,
        1329.345458984375,
        1098.8488403320312
    ],
    "num_epoch_convergence": 18
}