{
    "num_epochs": 120,
    "batch_size": 12,
    "learning_rate": 0.005,
    "weight_decay": 0.09,
    "patience": 5,
    "features": 16,
    "train_loss": [
        481803.9946875,
        472946.00875,
        457733.0153125,
        438016.585,
        415144.1821875,
        390294.27125,
        363884.073125,
        336385.0878125,
        307155.4253125,
        277198.09953125,
        247238.4034375,
        217591.03453125,
        188820.355625,
        161307.97109375,
        136196.377890625,
        112835.302890625,
        91831.258984375,
        73555.1903515625,
        57599.6379296875,
        44342.7725390625,
        33323.85318359375,
        24600.577138671873,
        17645.892958984376,
        12482.288969726562,
        8614.577124023437,
        5971.089370117187,
        4041.6551708984375,
        2801.117967529297,
        2023.4863940429686,
        1571.4584350585938,
        1261.5921293640138,
        1088.5964962768555,
        975.1891912841797,
        929.107587890625,
        938.9300192260743,
        894.6636428833008,
        902.9236042785644
    ],
    "val_loss": [
        481797.925,
        469470.1984375,
        443144.503125,
        431650.4640625,
        406524.39375,
        383604.346875,
        366371.8625,
        328176.3828125,
        293474.990625,
        268923.17109375,
        237319.05234375,
        200662.121875,
        179803.39765625,
        151922.66171875,
        128610.21328125,
        100555.13671875,
        89958.51171875,
        69848.087109375,
        56215.4126953125,
        41350.0611328125,
        27582.4447265625,
        22798.08251953125,
        15082.0037109375,
        9265.5908203125,
        7881.4552001953125,
        7659.576806640625,
        4449.959753417968,
        3606.272668457031,
        3058.8615844726564,
        1921.883853149414,
        1279.9891052246094,
        902.1859420776367,
        1121.0085723876953,
        3276.4928955078126,
        1312.7772216796875,
        1458.1589950561524,
        983.0161636352539
    ],
    "num_epoch_convergence": 32
}