{
    "num_epochs": 120,
    "batch_size": 4,
    "learning_rate": 0.001,
    "weight_decay": 0.09,
    "patience": 5,
    "features": 10,
    "train_loss": [
        482397.32926324505,
        475919.82978062914,
        464812.2029180463,
        450194.4082160596,
        432271.63700331125,
        411619.88420943706,
        389066.11310016556,
        364881.15066225163,
        339752.4927566225,
        314038.0052773179,
        288229.55546357617,
        262459.9662148179,
        237118.00750206952,
        212332.75936465233,
        188408.25693294703,
        165447.1630277318,
        143581.39419495032,
        123089.93514590232,
        103944.69808050497,
        86336.2524963783,
        70351.95342249586,
        56160.41670115894,
        43759.53143108444,
        33140.437567906665,
        24372.223946476613,
        17280.90501312862,
        11868.981932785337,
        7872.13442609168,
        5084.34204707872,
        3322.7975481045955,
        2339.134595454134,
        1654.5531672799825,
        1469.4779034039832,
        1307.9417371434092,
        1271.3753167461875,
        1232.576080221214,
        1044.7343060322944,
        1036.9106700467748,
        924.7868146580577,
        880.8584923649465,
        892.7279013324257,
        762.9746985024964,
        788.0601073006131,
        760.2387082434648
    ],
    "val_loss": [
        484043.4828125,
        475908.3067708333,
        462089.5484375,
        445078.94635416666,
        427752.9375,
        403938.4114583333,
        381118.55625,
        357975.9046875,
        331978.95989583334,
        308587.94583333336,
        281310.54921875,
        254736.30833333332,
        231473.02213541666,
        206185.2375,
        179656.54947916666,
        157538.721484375,
        138953.31028645832,
        118153.434375,
        97574.20611979166,
        80124.6669921875,
        67304.43645833334,
        53579.08600260417,
        38408.8541015625,
        29164.682161458335,
        19772.997265625,
        15341.941520182292,
        11355.273030598959,
        7111.856372070312,
        4364.586254882813,
        3035.0053263346354,
        1206.9453420003256,
        1366.8710530598958,
        1621.6011657714844,
        913.3591756184895,
        1223.3025950113931,
        1547.5233642578125,
        1059.5787221272788,
        1027.332012939453,
        903.0642740885417,
        916.1338755289713,
        913.0315717061361,
        977.6285344441732,
        1055.985289001465,
        959.1704518636068
    ],
    "num_epoch_convergence": 39
}