{
    "num_epochs": 120,
    "batch_size": 4,
    "learning_rate": 0.01,
    "weight_decay": 0.09,
    "patience": 5,
    "features": 4,
    "train_loss": [
        411201.11258278147,
        143022.35130380795,
        12917.664203012226,
        1937.5223718100037,
        1692.3544820823417,
        1616.3418704910785,
        1528.4294974724978,
        1600.1734818717503,
        1538.2438738993462
    ],
    "val_loss": [
        282419.8294270833,
        47447.789388020836,
        1816.432521057129,
        1345.211218516032,
        1997.9021682739258,
        1400.6247049967449,
        1373.3627899169921,
        1520.4128850301106,
        1582.1803619384766
    ],
    "num_epoch_convergence": 4
}