{
    "num_epochs": 120,
    "batch_size": 4,
    "learning_rate": 0.01,
    "weight_decay": 0.09,
    "patience": 5,
    "features": 10,
    "train_loss": [
        422330.5309395695,
        180376.4541468336,
        26444.086338068475,
        2571.2795792131233,
        1783.259665482881,
        1628.1647589475115,
        1649.5346601877782,
        1567.3729287456993,
        1363.326465682478,
        1360.0561667436007,
        1275.2467203203416,
        1256.1350954068419,
        1155.2435370944193
    ],
    "val_loss": [
        314633.3927083333,
        73944.9712890625,
        3832.0167561848957,
        1906.4523610432943,
        1864.617529296875,
        1549.1936518351238,
        1759.323691813151,
        1210.4303899129231,
        3281.7785196940104,
        1380.8854817708334,
        2660.063124593099,
        1518.6304595947265,
        1529.437739054362
    ],
    "num_epoch_convergence": 8
}