{
    "num_epochs": 120,
    "batch_size": 8,
    "learning_rate": 0.005,
    "weight_decay": 0.09,
    "patience": 5,
    "features": 16,
    "train_loss": [
        478142.3100165563,
        450783.2864238411,
        402431.97723509936,
        340525.85326986754,
        273535.44070778147,
        207611.02866307946,
        147597.7241825331,
        97448.83143625828,
        59211.49824089404,
        32752.241540769868,
        16659.509991980547,
        7824.131504488307,
        3721.086076142772,
        2074.824192072382,
        1451.964688332665,
        1198.7964935302734,
        1172.3535562477364,
        1071.1174201207446,
        1078.2631417583946
    ],
    "val_loss": [
        470752.18125,
        433459.771875,
        379371.96979166666,
        312343.4583333333,
        239698.03645833334,
        178410.54010416666,
        127156.21875,
        72369.91901041666,
        39976.969010416666,
        27648.158658854165,
        12938.513899739582,
        7848.730403645834,
        1481.3520039876303,
        1307.9589213053384,
        1843.3928649902343,
        1319.1140452067057,
        1524.2670532226562,
        1685.721854654948,
        1348.4197875976563
    ],
    "num_epoch_convergence": 14
}