{
    "num_epochs": 120,
    "batch_size": 8,
    "learning_rate": 0.005,
    "weight_decay": 0.09,
    "patience": 5,
    "features": 10,
    "train_loss": [
        480004.46274834435,
        456994.4633692053,
        417510.57967715233,
        367522.2448261589,
        312735.2347889073,
        256028.5829884106,
        200442.43946605962,
        149277.84550910597,
        105157.91789114238,
        69715.61703228476,
        43253.05250155215,
        25002.811167735927,
        13571.010890935431,
        6941.853469545478,
        3641.0909363197175,
        2070.9753814090955,
        1393.4012534034173,
        1148.221060746553,
        1059.180506017824,
        1051.3658956565605,
        1028.7203433813638,
        1044.3627879161709,
        987.4690552768328,
        1043.169641861063,
        985.9166495215813,
        953.7426960926182,
        1010.3953178355235,
        959.3897004790654,
        920.9417380023476
    ],
    "val_loss": [
        476332.44166666665,
        440107.75625,
        396680.54791666666,
        336908.784375,
        296046.55,
        226070.81822916667,
        179526.4359375,
        129480.60364583334,
        95419.70260416667,
        58265.27486979167,
        33259.8814453125,
        20981.119140625,
        14146.103971354167,
        5687.620442708333,
        2788.6637044270833,
        1848.6346516927083,
        1556.7265625,
        999.8645599365234,
        1585.0449483235677,
        1354.603271484375,
        958.4279296875,
        1226.0139973958333,
        1413.239399210612,
        916.4956736246745,
        1072.1026692708333,
        1000.1963165283203,
        977.4746342976888,
        1599.097782389323,
        1224.1053466796875
    ],
    "num_epoch_convergence": 24
}