{
    "num_epochs": 120,
    "batch_size": 8,
    "learning_rate": 0.001,
    "weight_decay": 0.09,
    "patience": 5,
    "features": 4,
    "train_loss": [
        483268.93129139073,
        480788.4141142384,
        477565.9010761589,
        473109.9948261589,
        467613.9788907285,
        461161.77959437086,
        453796.85533940396,
        445526.44639900664,
        436490.5935430463,
        426765.3886589404,
        416516.96937086096,
        405638.9238410596,
        394309.81560430466,
        382584.9813741722,
        370504.8174668874,
        358155.4615066225,
        345543.1829470199,
        332887.06187913904,
        319924.5126241722,
        307122.0159354305,
        294204.1275869205,
        281235.12634519866,
        268321.13141556294,
        255505.74793046358,
        242896.65014486754,
        230332.54718543048,
        217987.2240273179,
        205798.6641142384,
        193778.28590645696,
        182053.3554428808,
        170528.87127483444,
        159391.88167425495,
        148422.32196812914,
        137670.60606374172,
        127577.09794081126,
        117592.39693708609,
        108063.60802980133,
        98882.20322847682,
        90035.58262624172,
        81608.70232305463,
        73607.7987893212,
        66118.61152214404,
        59034.379423634105,
        52285.12241307947,
        46066.5,
        40347.86890780215,
        35014.302165252484,
        30159.97914942053,
        25737.96889228063,
        21828.693546926737,
        18287.18402705919,
        15236.162484478476,
        12503.045012417218,
        10226.216997361342,
        8183.584663441639,
        6547.700619729149,
        5142.430737628052,
        4054.5375418757762,
        3201.959562794262,
        2481.8753076010194,
        2015.0193568349673,
        1593.4995206112894,
        1320.8212226716098,
        1169.7897361098535,
        1082.4813101054817,
        879.6858497265948,
        794.2814143098743,
        801.1179752981426,
        814.6878616636162,
        737.77628038419,
        749.3810734022533,
        780.5027114160803,
        743.4234827306886,
        716.568956994063,
        690.4967242108276,
        708.0342312238074
    ],
    "val_loss": [
        485223.365625,
        481289.38125,
        479663.0260416667,
        475201.6114583333,
        468700.08125,
        461559.63645833335,
        453511.640625,
        446382.6041666667,
        436773.3,
        424468.0020833333,
        412364.465625,
        402549.746875,
        391270.57083333336,
        382637.0364583333,
        366394.13125,
        352216.25104166666,
        345043.609375,
        331883.89895833336,
        319623.8145833333,
        303108.10625,
        291653.2442708333,
        281790.3484375,
        265725.26614583336,
        255707.53385416666,
        239071.490625,
        229267.121875,
        214136.7328125,
        200837.0671875,
        189215.7859375,
        176559.12239583334,
        168770.571875,
        157351.19635416666,
        141861.38541666666,
        133601.64765625,
        124949.69609375,
        117086.30234375,
        106297.53932291667,
        94985.54921875,
        83969.16145833333,
        78075.21015625,
        73580.03580729167,
        65773.89739583334,
        51924.66809895833,
        50176.887369791664,
        46775.464453125,
        40112.203385416666,
        32047.128125,
        30716.417317708332,
        25959.827994791667,
        22616.684244791668,
        18062.510677083334,
        15322.673990885416,
        11185.723274739583,
        11254.917350260417,
        9427.336881510417,
        6772.203743489584,
        5821.9642578125,
        4196.35283203125,
        3510.3478434244794,
        2145.5714884440104,
        2705.0960774739583,
        1549.367694091797,
        1503.710294596354,
        1512.7544779459636,
        946.1767873128255,
        890.4490915934244,
        1247.984726969401,
        1086.333950805664,
        954.9227294921875,
        829.1924936930338,
        799.7142339070638,
        1210.2697814941407,
        950.6660654703776,
        912.1646647135417,
        899.8677276611328,
        845.5119394938151
    ],
    "num_epoch_convergence": 71
}