{
    "BS=4;LR=0.01;WD=0.09;FT=10": {
        "num_epochs": 60,
        "batch_size": 4,
        "learning_rate": 0.01,
        "weight_decay": 0.09,
        "patience": 5,
        "features": 10,
        "train_loss": [
            411339.58231581125,
            142949.0619890832,
            12995.370479558478,
            2106.715346279523,
            1800.435241396064,
            1826.0729346875323,
            1737.3444634747032,
            1609.6338109906935,
            1506.012228327871,
            1443.0060149439123,
            1379.5871365780863,
            1393.5763546267883,
            1291.5053905461798,
            1308.9678044098102,
            1289.2040735712114,
            1200.6420342148535,
            1236.2450160601281,
            1225.1250487573889
        ],
        "val_loss": [
            295601.96848958335,
            49490.8072265625,
            2381.832780965169,
            2295.914256795247,
            3792.399519856771,
            2228.831116739909,
            2498.6609232584638,
            2096.887510172526,
            2062.0773091634114,
            1886.8711924235026,
            1756.1242731730142,
            1748.7020233154296,
            1398.5648811340332,
            1777.8572784423827,
            1399.2335489908853,
            1567.8157887776692,
            1998.7150807698567,
            1939.0991312662761
        ],
        "num_epoch_convergence": 13
    }
}